event_name,event_id,description,start_time,outcomes,prices,volume,liquidity,platform,url
Fed rate hike in 2025?,16084,"This market will resolve to “Yes” if the upper bound of the target federal funds rate is increased at any point between January 1, 2025 and the Fed's December 2025 meeting, currently scheduled for December 9-10. Otherwise, this market will resolve to “No”.

This market may not resolve to ""No"" until the Fed has released its rate changes information following its December meeting.

The primary resolution source for this market will be the official website of the Federal Reserve (https://www.federalreserve.gov/monetarypolicy/openmarket.htm), however a consensus of credible reporting may also be used.",2024-12-29T22:50:44.013518+00:00,"[""Yes"", ""No""]","[0.0065, 0.9935]",862489.34567,39020.90812,polymarket,https://polymarket.com/event/fed-rate-hike-in-2025
How many Fed rate cuts in 2025?,16085,This is a market group over how many Fed rate cuts will happen in 2025.,2024-12-29T22:50:43.348587+00:00,"[""Yes"", ""No""]","[0.0, 1.0]",3257922.893311,0.0,polymarket,https://polymarket.com/event/how-many-fed-rate-cuts-in-2025
How many Fed rate cuts in 2025?,16085,This is a market group over how many Fed rate cuts will happen in 2025.,2024-12-29T22:50:43.348587+00:00,"[""Yes"", ""No""]","[0.0005, 0.9995]",3290022.72764,241813.11138,polymarket,https://polymarket.com/event/how-many-fed-rate-cuts-in-2025
How many Fed rate cuts in 2025?,16085,This is a market group over how many Fed rate cuts will happen in 2025.,2024-12-29T22:50:43.348587+00:00,"[""Yes"", ""No""]","[0.0, 1.0]",2906248.945921,0.0,polymarket,https://polymarket.com/event/how-many-fed-rate-cuts-in-2025
How many Fed rate cuts in 2025?,16085,This is a market group over how many Fed rate cuts will happen in 2025.,2024-12-29T22:50:43.348587+00:00,"[""Yes"", ""No""]","[0.11, 0.89]",3212011.180865,78637.0961,polymarket,https://polymarket.com/event/how-many-fed-rate-cuts-in-2025
How many Fed rate cuts in 2025?,16085,This is a market group over how many Fed rate cuts will happen in 2025.,2024-12-29T22:50:43.348587+00:00,"[""Yes"", ""No""]","[0.0005, 0.9995]",2595501.127032,241550.17406,polymarket,https://polymarket.com/event/how-many-fed-rate-cuts-in-2025
How many Fed rate cuts in 2025?,16085,This is a market group over how many Fed rate cuts will happen in 2025.,2024-12-29T22:50:43.348587+00:00,"[""Yes"", ""No""]","[0.87, 0.13]",3105525.554468,52208.6587,polymarket,https://polymarket.com/event/how-many-fed-rate-cuts-in-2025
How many Fed rate cuts in 2025?,16085,This is a market group over how many Fed rate cuts will happen in 2025.,2024-12-29T22:50:43.348587+00:00,"[""Yes"", ""No""]","[0.0075, 0.9925]",2944070.762232,132837.65309,polymarket,https://polymarket.com/event/how-many-fed-rate-cuts-in-2025
How many Fed rate cuts in 2025?,16085,This is a market group over how many Fed rate cuts will happen in 2025.,2024-12-29T22:50:43.348587+00:00,"[""Yes"", ""No""]","[0.0015, 0.9985]",2097952.883375,255774.51924,polymarket,https://polymarket.com/event/how-many-fed-rate-cuts-in-2025
How many Fed rate cuts in 2025?,16085,This is a market group over how many Fed rate cuts will happen in 2025.,2024-12-29T22:50:43.348587+00:00,"[""Yes"", ""No""]","[0.001, 0.999]",2417297.785117,193144.6294,polymarket,https://polymarket.com/event/how-many-fed-rate-cuts-in-2025
Which CEOs will be gone in 2025?,16086,"This is a market group over which CEOs will be out of their position by December 31, 2025.",2024-12-30T18:15:53.510615+00:00,"[""Yes"", ""No""]","[0.0345, 0.9655]",45268.817222,6782.90479,polymarket,https://polymarket.com/event/which-ceos-will-be-out-in-2025
Which CEOs will be gone in 2025?,16086,"This is a market group over which CEOs will be out of their position by December 31, 2025.",2024-12-30T18:15:53.510615+00:00,"[""Yes"", ""No""]","[0.044, 0.956]",185274.913659,1234.92388,polymarket,https://polymarket.com/event/which-ceos-will-be-out-in-2025
Which CEOs will be gone in 2025?,16086,"This is a market group over which CEOs will be out of their position by December 31, 2025.",2024-12-30T18:15:53.510615+00:00,"[""Yes"", ""No""]","[0.018, 0.982]",41446.716113,6490.71806,polymarket,https://polymarket.com/event/which-ceos-will-be-out-in-2025
Which CEOs will be gone in 2025?,16086,"This is a market group over which CEOs will be out of their position by December 31, 2025.",2024-12-30T18:15:53.510615+00:00,"[""Yes"", ""No""]","[0.021, 0.979]",8990.120574,6337.09332,polymarket,https://polymarket.com/event/which-ceos-will-be-out-in-2025
Which CEOs will be gone in 2025?,16086,"This is a market group over which CEOs will be out of their position by December 31, 2025.",2024-12-30T18:15:53.510615+00:00,"[""Yes"", ""No""]","[0.034, 0.966]",173426.860459,696.0053,polymarket,https://polymarket.com/event/which-ceos-will-be-out-in-2025
Which CEOs will be gone in 2025?,16086,"This is a market group over which CEOs will be out of their position by December 31, 2025.",2024-12-30T18:15:53.510615+00:00,"[""Yes"", ""No""]","[0.016, 0.984]",81367.130889,9167.02214,polymarket,https://polymarket.com/event/which-ceos-will-be-out-in-2025
Largest Company end of 2025?,16087,"This is a market on predicting which company will be the largest by market capitalization on December 31, 2025.",2024-12-30T18:12:03.686955+00:00,"[""Yes"", ""No""]","[0.615, 0.385]",2497301.597409,78803.8973,polymarket,https://polymarket.com/event/largest-company-end-of-2025
Largest Company end of 2025?,16087,"This is a market on predicting which company will be the largest by market capitalization on December 31, 2025.",2024-12-30T18:12:03.686955+00:00,"[""Yes"", ""No""]",[],0.0,0.0,polymarket,https://polymarket.com/event/largest-company-end-of-2025
Largest Company end of 2025?,16087,"This is a market on predicting which company will be the largest by market capitalization on December 31, 2025.",2024-12-30T18:12:03.686955+00:00,"[""Yes"", ""No""]",[],0.0,0.0,polymarket,https://polymarket.com/event/largest-company-end-of-2025
Largest Company end of 2025?,16087,"This is a market on predicting which company will be the largest by market capitalization on December 31, 2025.",2024-12-30T18:12:03.686955+00:00,"[""Yes"", ""No""]","[0.0045, 0.9955]",1385883.696393,137229.24762,polymarket,https://polymarket.com/event/largest-company-end-of-2025
Largest Company end of 2025?,16087,"This is a market on predicting which company will be the largest by market capitalization on December 31, 2025.",2024-12-30T18:12:03.686955+00:00,"[""Yes"", ""No""]",[],0.0,0.0,polymarket,https://polymarket.com/event/largest-company-end-of-2025
Largest Company end of 2025?,16087,"This is a market on predicting which company will be the largest by market capitalization on December 31, 2025.",2024-12-30T18:12:03.686955+00:00,"[""Yes"", ""No""]","[0.243, 0.757]",1405419.424358,40998.39505,polymarket,https://polymarket.com/event/largest-company-end-of-2025
Largest Company end of 2025?,16087,"This is a market on predicting which company will be the largest by market capitalization on December 31, 2025.",2024-12-30T18:12:03.686955+00:00,"[""Yes"", ""No""]","[0.129, 0.871]",1945927.054475,66035.93422,polymarket,https://polymarket.com/event/largest-company-end-of-2025
Largest Company end of 2025?,16087,"This is a market on predicting which company will be the largest by market capitalization on December 31, 2025.",2024-12-30T18:12:03.686955+00:00,"[""Yes"", ""No""]",[],0.0,0.0,polymarket,https://polymarket.com/event/largest-company-end-of-2025
Largest Company end of 2025?,16087,"This is a market on predicting which company will be the largest by market capitalization on December 31, 2025.",2024-12-30T18:12:03.686955+00:00,"[""Yes"", ""No""]","[0.0015, 0.9985]",9818854.608878,393905.81115,polymarket,https://polymarket.com/event/largest-company-end-of-2025
Largest Company end of 2025?,16087,"This is a market on predicting which company will be the largest by market capitalization on December 31, 2025.",2024-12-30T18:12:03.686955+00:00,"[""Yes"", ""No""]",[],0.0,0.0,polymarket,https://polymarket.com/event/largest-company-end-of-2025
Largest Company end of 2025?,16087,"This is a market on predicting which company will be the largest by market capitalization on December 31, 2025.",2024-12-30T18:12:03.686955+00:00,"[""Yes"", ""No""]",[],0.0,0.0,polymarket,https://polymarket.com/event/largest-company-end-of-2025
Largest Company end of 2025?,16087,"This is a market on predicting which company will be the largest by market capitalization on December 31, 2025.",2024-12-30T18:12:03.686955+00:00,"[""Yes"", ""No""]",[],0.0,0.0,polymarket,https://polymarket.com/event/largest-company-end-of-2025
Largest Company end of 2025?,16087,"This is a market on predicting which company will be the largest by market capitalization on December 31, 2025.",2024-12-30T18:12:03.686955+00:00,"[""Yes"", ""No""]",[],0.0,0.0,polymarket,https://polymarket.com/event/largest-company-end-of-2025
Largest Company end of 2025?,16087,"This is a market on predicting which company will be the largest by market capitalization on December 31, 2025.",2024-12-30T18:12:03.686955+00:00,"[""Yes"", ""No""]","[0.495, 0.505]",0.0,11.11,polymarket,https://polymarket.com/event/largest-company-end-of-2025
Largest Company end of 2025?,16087,"This is a market on predicting which company will be the largest by market capitalization on December 31, 2025.",2024-12-30T18:12:03.686955+00:00,"[""Yes"", ""No""]",[],0.0,0.0,polymarket,https://polymarket.com/event/largest-company-end-of-2025
Largest Company end of 2025?,16087,"This is a market on predicting which company will be the largest by market capitalization on December 31, 2025.",2024-12-30T18:12:03.686955+00:00,"[""Yes"", ""No""]",[],0.0,0.0,polymarket,https://polymarket.com/event/largest-company-end-of-2025
Largest Company end of 2025?,16087,"This is a market on predicting which company will be the largest by market capitalization on December 31, 2025.",2024-12-30T18:12:03.686955+00:00,"[""Yes"", ""No""]","[0.0015, 0.9985]",3791994.348195,527610.26341,polymarket,https://polymarket.com/event/largest-company-end-of-2025
Largest Company end of 2025?,16087,"This is a market on predicting which company will be the largest by market capitalization on December 31, 2025.",2024-12-30T18:12:03.686955+00:00,"[""Yes"", ""No""]","[0.0015, 0.9985]",23804466.665457,202130.11389,polymarket,https://polymarket.com/event/largest-company-end-of-2025
US recession in 2025?,16092,"This market will resolve to “Yes”, if either of the following conditions are met:

1.  The National Bureau of Economic Research (NBER) publicly announces that a recession has occurred in the United States, at any point in 2025, with the announcement made by December 31, 2025, 11:59 PM ET.

2.  The seasonally adjusted annualized percent change in quarterly U.S. real GDP from the previous quarter is less than 0.0 for two consecutive quarters between Q4 2024 and Q4 2025 (inclusive), as reported by the Bureau of Economic Analysis (BEA). 

Otherwise, this market will resolve to ""No"". 

Note that advance estimates will be considered. For example, if upon release, the advance estimate for Q2 2025 was negative, and the Q1 2025's most recent, up-to-date estimate was also negative, this market would resolve to ""Yes"". If on December 31, 2025 the latest estimate for quarterly GDP in Q3 2025 was negative, this market will stay open until the Advance estimate of Q4 2025 is published, at which point it will resolve to ""Yes"" if Q4 2025 was negative or if the NBER declares a recession by then.

The resolution source will be the official announcements from the NBER and the BEA’s estimate of seasonally adjusted annualized percent change in quarterly US real GDP from previous quarters as released by the Bureau of Economic Analysis (BEA), https://www.bea.gov/data/gdp/gross-domestic-product",2025-01-08T01:35:22.579138+00:00,"[""Yes"", ""No""]","[0.023, 0.977]",10487295.527364,109396.51991,polymarket,https://polymarket.com/event/us-recession-in-2025
Fed emergency rate cut in 2025?,16093,"This market will resolve to ""Yes"" if the Federal Open Market Committee (FOMC) holds an emergency meeting after which the upper bound of the target federal funds rate is lowered between January 1 and December 31, 2025, 11:59 PM ET. Otherwise, this market will resolve to ""No"".

An emergency meeting is defined as any unscheduled meeting called by the Federal Reserve Board or the Federal Open Market Committee (FOMC) apart from the regular eight pre-scheduled meetings for 2025.

The resolution source will be official announcements from the Federal Reserve’s website (federalreserve.gov) or credible news sources reporting on the emergency meeting.",2024-12-29T22:42:17.114047+00:00,"[""Yes"", ""No""]","[0.0185, 0.9815]",1266895.496045,37965.8027,polymarket,https://polymarket.com/event/fed-emergency-rate-cut-in-2025
Which company has best AI model end of 2025?,16095,"qqThis is a negrisk market group over which will be the top AI model on December 31, 2025, 12:00 PM ET.",2024-12-31T20:23:45.266865+00:00,"[""Yes"", ""No""]","[0.905, 0.095]",1546133.676841,54664.2759,polymarket,https://polymarket.com/event/which-company-has-best-ai-model-end-of-2025
Which company has best AI model end of 2025?,16095,"qqThis is a negrisk market group over which will be the top AI model on December 31, 2025, 12:00 PM ET.",2024-12-31T20:23:45.266865+00:00,"[""Yes"", ""No""]","[0.018, 0.982]",856377.244135,67637.81717,polymarket,https://polymarket.com/event/which-company-has-best-ai-model-end-of-2025
Which company has best AI model end of 2025?,16095,"qqThis is a negrisk market group over which will be the top AI model on December 31, 2025, 12:00 PM ET.",2024-12-31T20:23:45.266865+00:00,"[""Yes"", ""No""]","[0.0025, 0.9975]",921275.224558,86463.88385,polymarket,https://polymarket.com/event/which-company-has-best-ai-model-end-of-2025
Which company has best AI model end of 2025?,16095,"qqThis is a negrisk market group over which will be the top AI model on December 31, 2025, 12:00 PM ET.",2024-12-31T20:23:45.266865+00:00,"[""Yes"", ""No""]","[0.048, 0.952]",995893.720409,72802.78481,polymarket,https://polymarket.com/event/which-company-has-best-ai-model-end-of-2025
Which company has best AI model end of 2025?,16095,"qqThis is a negrisk market group over which will be the top AI model on December 31, 2025, 12:00 PM ET.",2024-12-31T20:23:45.266865+00:00,"[""Yes"", ""No""]","[0.0215, 0.9785]",1342632.640639,137793.47056,polymarket,https://polymarket.com/event/which-company-has-best-ai-model-end-of-2025
Which company has best AI model end of 2025?,16095,"qqThis is a negrisk market group over which will be the top AI model on December 31, 2025, 12:00 PM ET.",2024-12-31T20:23:45.266865+00:00,"[""Yes"", ""No""]","[0.0015, 0.9985]",967050.092972,162870.66288,polymarket,https://polymarket.com/event/which-company-has-best-ai-model-end-of-2025
Which company has best AI model end of 2025?,16095,"qqThis is a negrisk market group over which will be the top AI model on December 31, 2025, 12:00 PM ET.",2024-12-31T20:23:45.266865+00:00,"[""Yes"", ""No""]","[0.0005, 0.9995]",528584.003492,126551.6059,polymarket,https://polymarket.com/event/which-company-has-best-ai-model-end-of-2025
Which company has best AI model end of 2025?,16095,"qqThis is a negrisk market group over which will be the top AI model on December 31, 2025, 12:00 PM ET.",2024-12-31T20:23:45.266865+00:00,"[""Yes"", ""No""]",[],0.0,0.0,polymarket,https://polymarket.com/event/which-company-has-best-ai-model-end-of-2025
Which company has best AI model end of 2025?,16095,"qqThis is a negrisk market group over which will be the top AI model on December 31, 2025, 12:00 PM ET.",2024-12-31T20:23:45.266865+00:00,"[""Yes"", ""No""]","[0.0025, 0.9975]",1128925.61304,49971.12889,polymarket,https://polymarket.com/event/which-company-has-best-ai-model-end-of-2025
Which company has best AI model end of 2025?,16095,"qqThis is a negrisk market group over which will be the top AI model on December 31, 2025, 12:00 PM ET.",2024-12-31T20:23:45.266865+00:00,"[""Yes"", ""No""]",[],0.0,0.0,polymarket,https://polymarket.com/event/which-company-has-best-ai-model-end-of-2025
Which company has best AI model end of 2025?,16095,"qqThis is a negrisk market group over which will be the top AI model on December 31, 2025, 12:00 PM ET.",2024-12-31T20:23:45.266865+00:00,"[""Yes"", ""No""]","[0.0005, 0.9995]",3225564.288111,189836.09211,polymarket,https://polymarket.com/event/which-company-has-best-ai-model-end-of-2025
Which company has best AI model end of 2025?,16095,"qqThis is a negrisk market group over which will be the top AI model on December 31, 2025, 12:00 PM ET.",2024-12-31T20:23:45.266865+00:00,"[""Yes"", ""No""]","[0.0015, 0.9985]",621124.708935,46688.95489,polymarket,https://polymarket.com/event/which-company-has-best-ai-model-end-of-2025
Which company has best AI model end of 2025?,16095,"qqThis is a negrisk market group over which will be the top AI model on December 31, 2025, 12:00 PM ET.",2024-12-31T20:23:45.266865+00:00,"[""Yes"", ""No""]",[],0.0,0.0,polymarket,https://polymarket.com/event/which-company-has-best-ai-model-end-of-2025
Which company has best AI model end of 2025?,16095,"qqThis is a negrisk market group over which will be the top AI model on December 31, 2025, 12:00 PM ET.",2024-12-31T20:23:45.266865+00:00,"[""Yes"", ""No""]","[0.0005, 0.9995]",3255827.142492,142786.08377,polymarket,https://polymarket.com/event/which-company-has-best-ai-model-end-of-2025
Which company has best AI model end of 2025?,16095,"qqThis is a negrisk market group over which will be the top AI model on December 31, 2025, 12:00 PM ET.",2024-12-31T20:23:45.266865+00:00,"[""Yes"", ""No""]","[0.0015, 0.9985]",745453.307943,101783.21837,polymarket,https://polymarket.com/event/which-company-has-best-ai-model-end-of-2025
Which company has best AI model end of 2025?,16095,"qqThis is a negrisk market group over which will be the top AI model on December 31, 2025, 12:00 PM ET.",2024-12-31T20:23:45.266865+00:00,"[""Yes"", ""No""]",[],0.0,0.0,polymarket,https://polymarket.com/event/which-company-has-best-ai-model-end-of-2025
Which company has best AI model end of 2025?,16095,"qqThis is a negrisk market group over which will be the top AI model on December 31, 2025, 12:00 PM ET.",2024-12-31T20:23:45.266865+00:00,"[""Yes"", ""No""]",[],0.0,0.0,polymarket,https://polymarket.com/event/which-company-has-best-ai-model-end-of-2025
What price will Bitcoin hit in 2025?,16096,This is a market group over whit prices Bitcoin will hit in 2025.,2024-12-30T22:06:34.105524+00:00,"[""Yes"", ""No""]","[0.0035, 0.9965]",6051193.758366,189370.92955,polymarket,https://polymarket.com/event/what-price-will-bitcoin-hit-in-2025
What price will Bitcoin hit in 2025?,16096,This is a market group over whit prices Bitcoin will hit in 2025.,2024-12-30T22:06:34.105524+00:00,"[""Yes"", ""No""]","[0.0045, 0.9955]",5538942.07834,177652.96915,polymarket,https://polymarket.com/event/what-price-will-bitcoin-hit-in-2025
What price will Bitcoin hit in 2025?,16096,This is a market group over whit prices Bitcoin will hit in 2025.,2024-12-30T22:06:34.105524+00:00,"[""Yes"", ""No""]","[0.005, 0.995]",9571018.1523,243776.17352,polymarket,https://polymarket.com/event/what-price-will-bitcoin-hit-in-2025
What price will Bitcoin hit in 2025?,16096,This is a market group over whit prices Bitcoin will hit in 2025.,2024-12-30T22:06:34.105524+00:00,"[""Yes"", ""No""]","[0.0125, 0.9875]",11292096.132021,317040.53605,polymarket,https://polymarket.com/event/what-price-will-bitcoin-hit-in-2025
What price will Bitcoin hit in 2025?,16096,This is a market group over whit prices Bitcoin will hit in 2025.,2024-12-30T22:06:34.105524+00:00,"[""Yes"", ""No""]","[0.0315, 0.9685]",8130107.22201,262239.36809,polymarket,https://polymarket.com/event/what-price-will-bitcoin-hit-in-2025
What price will Bitcoin hit in 2025?,16096,This is a market group over whit prices Bitcoin will hit in 2025.,2024-12-30T22:06:34.105524+00:00,"[""Yes"", ""No""]","[1.0, 0.0]",1924730.064437,0.0,polymarket,https://polymarket.com/event/what-price-will-bitcoin-hit-in-2025
What price will Bitcoin hit in 2025?,16096,This is a market group over whit prices Bitcoin will hit in 2025.,2024-12-30T22:06:34.105524+00:00,"[""Yes"", ""No""]","[1.0, 0.0]",1893687.489381,0.0,polymarket,https://polymarket.com/event/what-price-will-bitcoin-hit-in-2025
What price will Bitcoin hit in 2025?,16096,This is a market group over whit prices Bitcoin will hit in 2025.,2024-12-30T22:06:34.105524+00:00,"[""Yes"", ""No""]","[1.0, 0.0]",103063.899541,0.0,polymarket,https://polymarket.com/event/what-price-will-bitcoin-hit-in-2025
What price will Bitcoin hit in 2025?,16096,This is a market group over whit prices Bitcoin will hit in 2025.,2024-12-30T22:06:34.105524+00:00,"[""Yes"", ""No""]","[0.029, 0.971]",3172358.05086,48066.32424,polymarket,https://polymarket.com/event/what-price-will-bitcoin-hit-in-2025
What price will Bitcoin hit in 2025?,16096,This is a market group over whit prices Bitcoin will hit in 2025.,2024-12-30T22:06:34.105524+00:00,"[""Yes"", ""No""]","[1.0, 0.0]",171499.230653,0.0,polymarket,https://polymarket.com/event/what-price-will-bitcoin-hit-in-2025
What price will Bitcoin hit in 2025?,16096,This is a market group over whit prices Bitcoin will hit in 2025.,2024-12-30T22:06:34.105524+00:00,"[""Yes"", ""No""]","[1.0, 0.0]",236627.701211,0.0,polymarket,https://polymarket.com/event/what-price-will-bitcoin-hit-in-2025
What price will Bitcoin hit in 2025?,16096,This is a market group over whit prices Bitcoin will hit in 2025.,2024-12-30T22:06:34.105524+00:00,"[""Yes"", ""No""]","[0.13, 0.87]",4832143.489754,148075.1548,polymarket,https://polymarket.com/event/what-price-will-bitcoin-hit-in-2025
What price will Bitcoin hit in 2025?,16096,This is a market group over whit prices Bitcoin will hit in 2025.,2024-12-30T22:06:34.105524+00:00,"[""Yes"", ""No""]","[0.005, 0.995]",2547194.530828,74770.99679,polymarket,https://polymarket.com/event/what-price-will-bitcoin-hit-in-2025
What price will Bitcoin hit in 2025?,16096,This is a market group over whit prices Bitcoin will hit in 2025.,2024-12-30T22:06:34.105524+00:00,"[""Yes"", ""No""]","[1.0, 0.0]",775640.691758,0.0,polymarket,https://polymarket.com/event/what-price-will-bitcoin-hit-in-2025
What price will Bitcoin hit in 2025?,16096,This is a market group over whit prices Bitcoin will hit in 2025.,2024-12-30T22:06:34.105524+00:00,"[""Yes"", ""No""]","[0.023, 0.977]",3713216.00892,101230.14039,polymarket,https://polymarket.com/event/what-price-will-bitcoin-hit-in-2025
What price will Bitcoin hit in 2025?,16096,This is a market group over whit prices Bitcoin will hit in 2025.,2024-12-30T22:06:34.105524+00:00,"[""Yes"", ""No""]","[0.0095, 0.9905]",3241922.969427,92332.33344,polymarket,https://polymarket.com/event/what-price-will-bitcoin-hit-in-2025
What price will Bitcoin hit in 2025?,16096,This is a market group over whit prices Bitcoin will hit in 2025.,2024-12-30T22:06:34.105524+00:00,"[""Yes"", ""No""]","[0.3315, 0.6685]",1932178.109648,83679.15415,polymarket,https://polymarket.com/event/what-price-will-bitcoin-hit-in-2025
What price will Bitcoin hit in 2025?,16096,This is a market group over whit prices Bitcoin will hit in 2025.,2024-12-30T22:06:34.105524+00:00,"[""Yes"", ""No""]","[1.0, 0.0]",2161434.090726,0.0,polymarket,https://polymarket.com/event/what-price-will-bitcoin-hit-in-2025
What price will Bitcoin hit in 2025?,16096,This is a market group over whit prices Bitcoin will hit in 2025.,2024-12-30T22:06:34.105524+00:00,"[""Yes"", ""No""]","[0.475, 0.525]",1250887.516878,125500.1866,polymarket,https://polymarket.com/event/what-price-will-bitcoin-hit-in-2025
What price will Bitcoin hit in 2025?,16096,This is a market group over whit prices Bitcoin will hit in 2025.,2024-12-30T22:06:34.105524+00:00,"[""Yes"", ""No""]","[0.18, 0.82]",766855.697411,78453.5136,polymarket,https://polymarket.com/event/what-price-will-bitcoin-hit-in-2025
What price will Bitcoin hit in 2025?,16096,This is a market group over whit prices Bitcoin will hit in 2025.,2024-12-30T22:06:34.105524+00:00,"[""Yes"", ""No""]","[1.0, 0.0]",31656.098081,0.0,polymarket,https://polymarket.com/event/what-price-will-bitcoin-hit-in-2025
What price will Bitcoin hit in 2025?,16096,This is a market group over whit prices Bitcoin will hit in 2025.,2024-12-30T22:06:34.105524+00:00,"[""Yes"", ""No""]","[0.055, 0.945]",1610633.505569,148209.7398,polymarket,https://polymarket.com/event/what-price-will-bitcoin-hit-in-2025
What price will Bitcoin hit in 2025?,16096,This is a market group over whit prices Bitcoin will hit in 2025.,2024-12-30T22:06:34.105524+00:00,"[""Yes"", ""No""]","[1.0, 0.0]",634635.806757,0.0,polymarket,https://polymarket.com/event/what-price-will-bitcoin-hit-in-2025
What price will Ethereum hit in 2025?,16097,This is a market group over what prices Ethereum will hit in 2025.,2024-12-30T22:12:39.205198+00:00,"[""Yes"", ""No""]","[0.012, 0.988]",5225536.456217,204067.78292,polymarket,https://polymarket.com/event/what-price-will-ethereum-hit-in-2025
What price will Ethereum hit in 2025?,16097,This is a market group over what prices Ethereum will hit in 2025.,2024-12-30T22:12:39.205198+00:00,"[""Yes"", ""No""]","[0.0065, 0.9935]",5194804.889314,126837.10275,polymarket,https://polymarket.com/event/what-price-will-ethereum-hit-in-2025
What price will Ethereum hit in 2025?,16097,This is a market group over what prices Ethereum will hit in 2025.,2024-12-30T22:12:39.205198+00:00,"[""Yes"", ""No""]","[0.0085, 0.9915]",3639749.730945,107599.9157,polymarket,https://polymarket.com/event/what-price-will-ethereum-hit-in-2025
What price will Ethereum hit in 2025?,16097,This is a market group over what prices Ethereum will hit in 2025.,2024-12-30T22:12:39.205198+00:00,"[""Yes"", ""No""]","[0.005, 0.995]",7066997.846181,302577.78957,polymarket,https://polymarket.com/event/what-price-will-ethereum-hit-in-2025
What price will Ethereum hit in 2025?,16097,This is a market group over what prices Ethereum will hit in 2025.,2024-12-30T22:12:39.205198+00:00,"[""Yes"", ""No""]","[0.036, 0.964]",10836221.548652,148402.73765,polymarket,https://polymarket.com/event/what-price-will-ethereum-hit-in-2025
What price will Ethereum hit in 2025?,16097,This is a market group over what prices Ethereum will hit in 2025.,2024-12-30T22:12:39.205198+00:00,"[""Yes"", ""No""]","[1.0, 0.0]",3572826.574547,0.0,polymarket,https://polymarket.com/event/what-price-will-ethereum-hit-in-2025
What price will Ethereum hit in 2025?,16097,This is a market group over what prices Ethereum will hit in 2025.,2024-12-30T22:12:39.205198+00:00,"[""Yes"", ""No""]","[1.0, 0.0]",170966.406011,0.0,polymarket,https://polymarket.com/event/what-price-will-ethereum-hit-in-2025
What price will Ethereum hit in 2025?,16097,This is a market group over what prices Ethereum will hit in 2025.,2024-12-30T22:12:39.205198+00:00,"[""Yes"", ""No""]","[1.0, 0.0]",175483.375139,0.0,polymarket,https://polymarket.com/event/what-price-will-ethereum-hit-in-2025
What price will Ethereum hit in 2025?,16097,This is a market group over what prices Ethereum will hit in 2025.,2024-12-30T22:12:39.205198+00:00,"[""Yes"", ""No""]","[1.0, 0.0]",323442.766711,0.0,polymarket,https://polymarket.com/event/what-price-will-ethereum-hit-in-2025
What price will Ethereum hit in 2025?,16097,This is a market group over what prices Ethereum will hit in 2025.,2024-12-30T22:12:39.205198+00:00,"[""Yes"", ""No""]","[1.0, 0.0]",500584.609489,0.0,polymarket,https://polymarket.com/event/what-price-will-ethereum-hit-in-2025
What price will Ethereum hit in 2025?,16097,This is a market group over what prices Ethereum will hit in 2025.,2024-12-30T22:12:39.205198+00:00,"[""Yes"", ""No""]","[0.011, 0.989]",1000199.057735,71639.24089,polymarket,https://polymarket.com/event/what-price-will-ethereum-hit-in-2025
What price will Ethereum hit in 2025?,16097,This is a market group over what prices Ethereum will hit in 2025.,2024-12-30T22:12:39.205198+00:00,"[""Yes"", ""No""]","[0.0195, 0.9805]",424142.277091,73671.94753,polymarket,https://polymarket.com/event/what-price-will-ethereum-hit-in-2025
What price will Ethereum hit in 2025?,16097,This is a market group over what prices Ethereum will hit in 2025.,2024-12-30T22:12:39.205198+00:00,"[""Yes"", ""No""]","[1.0, 0.0]",77955.099461,0.0,polymarket,https://polymarket.com/event/what-price-will-ethereum-hit-in-2025
What price will Ethereum hit in 2025?,16097,This is a market group over what prices Ethereum will hit in 2025.,2024-12-30T22:12:39.205198+00:00,"[""Yes"", ""No""]","[0.006, 0.994]",1213119.026644,105263.77222,polymarket,https://polymarket.com/event/what-price-will-ethereum-hit-in-2025
What price will Ethereum hit in 2025?,16097,This is a market group over what prices Ethereum will hit in 2025.,2024-12-30T22:12:39.205198+00:00,"[""Yes"", ""No""]","[0.008, 0.992]",206795.130961,81838.81505,polymarket,https://polymarket.com/event/what-price-will-ethereum-hit-in-2025
What price will Ethereum hit in 2025?,16097,This is a market group over what prices Ethereum will hit in 2025.,2024-12-30T22:12:39.205198+00:00,"[""Yes"", ""No""]","[0.0045, 0.9955]",1344096.660921,144370.52935,polymarket,https://polymarket.com/event/what-price-will-ethereum-hit-in-2025
What price will Ethereum hit in 2025?,16097,This is a market group over what prices Ethereum will hit in 2025.,2024-12-30T22:12:39.205198+00:00,"[""Yes"", ""No""]","[1.0, 0.0]",57286.873675,0.0,polymarket,https://polymarket.com/event/what-price-will-ethereum-hit-in-2025
What price will Ethereum hit in 2025?,16097,This is a market group over what prices Ethereum will hit in 2025.,2024-12-30T22:12:39.205198+00:00,"[""Yes"", ""No""]","[1.0, 0.0]",1435411.072348,0.0,polymarket,https://polymarket.com/event/what-price-will-ethereum-hit-in-2025
Tether insolvent in 2025?,16098,"This market will resolve to ""Yes"" if official information released by Tether Limited Inc., official representatives of Tether Limited Inc. (e.g. lawyers, spokespeople, etc.), or a consensus of credible reporting announces by December 31, 2025, 11:59 PM ET that Tether Limited Inc. is insolvent or is filing/has filed for any variety of bankruptcy. Otherwise, this market will resolve to ""No"".",2024-12-29T22:42:17.112405+00:00,"[""Yes"", ""No""]","[0.008, 0.992]",433278.946403,37819.27778,polymarket,https://polymarket.com/event/tether-insolvent-in-2025
USDT depeg in 2025?,16099,"This market will resolve to “Yes” immediately if all Coinbase 1 minute candles for USDT-USD for any 24 hour period are below 98 cents, for candles between 01 Jan '25 00:00 and 31 Dec '25 23:59 in the ET timezone. Otherwise, this market will resolve to “No”.

Below 98 cents means all candles in the period have a final “High” price below 0.98000 (i.e. 0.97999 or lower). A 24h period of USDT below 98 cents that starts on the last day in 2025 will count.

The resolution source for this market is https://www.coinbase.com/, specifically the USDT-USD “High” prices currently available at https://www.coinbase.com/advanced-trade/spot/USDT-USD with “1m” and “Candles” selected on the top bar. To see the “High” prices, mouse over particular candles and look at the value after “H” at the top of the chart.

Please note that this market is about the price according to Coinbase USDT-USD. If Coinbase stops having the necessary USDT information to resolve this market, a consensus of credible sources for whether USDT was below 98 cents for 24h+ may be used to resolve this market.",2024-12-29T22:42:17.012105+00:00,"[""Yes"", ""No""]","[0.0175, 0.9825]",1356844.62855,113294.87987,polymarket,https://polymarket.com/event/usdt-depeg-in-2025
Highest grossing movie in 2025?,16100,This is a market on which movie will have the highest box office earnings in the year 2025.,2025-01-02T18:53:07.440776+00:00,"[""Yes"", ""No""]","[0.036, 0.964]",3173165.858758,285796.63796,polymarket,https://polymarket.com/event/highest-grossing-movie-in-2025
Highest grossing movie in 2025?,16100,This is a market on which movie will have the highest box office earnings in the year 2025.,2025-01-02T18:53:07.440776+00:00,"[""Yes"", ""No""]","[0.0545, 0.9455]",3106742.749592,74058.86982,polymarket,https://polymarket.com/event/highest-grossing-movie-in-2025
Highest grossing movie in 2025?,16100,This is a market on which movie will have the highest box office earnings in the year 2025.,2025-01-02T18:53:07.440776+00:00,"[""Yes"", ""No""]","[0.0025, 0.9975]",7166261.902634,727298.264,polymarket,https://polymarket.com/event/highest-grossing-movie-in-2025
Highest grossing movie in 2025?,16100,This is a market on which movie will have the highest box office earnings in the year 2025.,2025-01-02T18:53:07.440776+00:00,"[""Yes"", ""No""]","[0.0025, 0.9975]",13287493.065787,670608.78053,polymarket,https://polymarket.com/event/highest-grossing-movie-in-2025
Highest grossing movie in 2025?,16100,This is a market on which movie will have the highest box office earnings in the year 2025.,2025-01-02T18:53:07.440776+00:00,"[""Yes"", ""No""]","[0.0015, 0.9985]",13335179.697383,869898.24622,polymarket,https://polymarket.com/event/highest-grossing-movie-in-2025
Highest grossing movie in 2025?,16100,This is a market on which movie will have the highest box office earnings in the year 2025.,2025-01-02T18:53:07.440776+00:00,"[""Yes"", ""No""]","[0.0025, 0.9975]",8794057.158951,699649.31215,polymarket,https://polymarket.com/event/highest-grossing-movie-in-2025
Highest grossing movie in 2025?,16100,This is a market on which movie will have the highest box office earnings in the year 2025.,2025-01-02T18:53:07.440776+00:00,"[""Yes"", ""No""]",[],0.0,0.0,polymarket,https://polymarket.com/event/highest-grossing-movie-in-2025
Highest grossing movie in 2025?,16100,This is a market on which movie will have the highest box office earnings in the year 2025.,2025-01-02T18:53:07.440776+00:00,"[""Yes"", ""No""]","[0.0015, 0.9985]",14507766.407922,835036.97877,polymarket,https://polymarket.com/event/highest-grossing-movie-in-2025
Highest grossing movie in 2025?,16100,This is a market on which movie will have the highest box office earnings in the year 2025.,2025-01-02T18:53:07.440776+00:00,"[""Yes"", ""No""]","[0.054, 0.946]",3774260.259554,125201.21623,polymarket,https://polymarket.com/event/highest-grossing-movie-in-2025
Highest grossing movie in 2025?,16100,This is a market on which movie will have the highest box office earnings in the year 2025.,2025-01-02T18:53:07.440776+00:00,"[""Yes"", ""No""]","[0.0005, 0.9995]",13848870.199758,871890.65486,polymarket,https://polymarket.com/event/highest-grossing-movie-in-2025
Highest grossing movie in 2025?,16100,This is a market on which movie will have the highest box office earnings in the year 2025.,2025-01-02T18:53:07.440776+00:00,"[""Yes"", ""No""]","[0.8365, 0.1635]",2720982.58157,99527.32888,polymarket,https://polymarket.com/event/highest-grossing-movie-in-2025
Highest grossing movie in 2025?,16100,This is a market on which movie will have the highest box office earnings in the year 2025.,2025-01-02T18:53:07.440776+00:00,"[""Yes"", ""No""]","[0.0135, 0.9865]",3801564.465564,218602.24839,polymarket,https://polymarket.com/event/highest-grossing-movie-in-2025
Highest grossing movie in 2025?,16100,This is a market on which movie will have the highest box office earnings in the year 2025.,2025-01-02T18:53:07.440776+00:00,"[""Yes"", ""No""]",[],0.0,0.0,polymarket,https://polymarket.com/event/highest-grossing-movie-in-2025
Highest grossing movie in 2025?,16100,This is a market on which movie will have the highest box office earnings in the year 2025.,2025-01-02T18:53:07.440776+00:00,"[""Yes"", ""No""]",[],0.0,0.0,polymarket,https://polymarket.com/event/highest-grossing-movie-in-2025
Highest grossing movie in 2025?,16100,This is a market on which movie will have the highest box office earnings in the year 2025.,2025-01-02T18:53:07.440776+00:00,"[""Yes"", ""No""]",[],0.0,0.0,polymarket,https://polymarket.com/event/highest-grossing-movie-in-2025
Highest grossing movie in 2025?,16100,This is a market on which movie will have the highest box office earnings in the year 2025.,2025-01-02T18:53:07.440776+00:00,"[""Yes"", ""No""]",[],0.0,0.0,polymarket,https://polymarket.com/event/highest-grossing-movie-in-2025
Highest grossing movie in 2025?,16100,This is a market on which movie will have the highest box office earnings in the year 2025.,2025-01-02T18:53:07.440776+00:00,"[""Yes"", ""No""]",[],0.0,0.0,polymarket,https://polymarket.com/event/highest-grossing-movie-in-2025
Highest grossing movie in 2025?,16100,This is a market on which movie will have the highest box office earnings in the year 2025.,2025-01-02T18:53:07.440776+00:00,"[""Yes"", ""No""]",[],0.0,0.0,polymarket,https://polymarket.com/event/highest-grossing-movie-in-2025
Highest grossing movie in 2025?,16100,This is a market on which movie will have the highest box office earnings in the year 2025.,2025-01-02T18:53:07.440776+00:00,"[""Yes"", ""No""]",[],0.0,0.0,polymarket,https://polymarket.com/event/highest-grossing-movie-in-2025
Highest grossing movie in 2025?,16100,This is a market on which movie will have the highest box office earnings in the year 2025.,2025-01-02T18:53:07.440776+00:00,"[""Yes"", ""No""]",[],0.0,0.0,polymarket,https://polymarket.com/event/highest-grossing-movie-in-2025
Highest grossing movie in 2025?,16100,This is a market on which movie will have the highest box office earnings in the year 2025.,2025-01-02T18:53:07.440776+00:00,"[""Yes"", ""No""]",[],0.0,0.0,polymarket,https://polymarket.com/event/highest-grossing-movie-in-2025
Highest grossing movie in 2025?,16100,This is a market on which movie will have the highest box office earnings in the year 2025.,2025-01-02T18:53:07.440776+00:00,"[""Yes"", ""No""]",[],0.0,0.0,polymarket,https://polymarket.com/event/highest-grossing-movie-in-2025
How many SpaceX launches in 2025?,16102,This is a market on predicting the total number of SpaceX launches scheduled for the year 2025.,2024-12-30T15:45:51.508087+00:00,"[""Yes"", ""No""]","[0.0, 1.0]",12837.334009,0.0,polymarket,https://polymarket.com/event/how-many-spacex-launches-in-2025
How many SpaceX launches in 2025?,16102,This is a market on predicting the total number of SpaceX launches scheduled for the year 2025.,2024-12-30T15:45:51.508087+00:00,"[""Yes"", ""No""]","[0.0, 1.0]",32896.610263,0.0,polymarket,https://polymarket.com/event/how-many-spacex-launches-in-2025
How many SpaceX launches in 2025?,16102,This is a market on predicting the total number of SpaceX launches scheduled for the year 2025.,2024-12-30T15:45:51.508087+00:00,"[""Yes"", ""No""]","[0.0125, 0.9875]",17056.982691,2883.71216,polymarket,https://polymarket.com/event/how-many-spacex-launches-in-2025
How many SpaceX launches in 2025?,16102,This is a market on predicting the total number of SpaceX launches scheduled for the year 2025.,2024-12-30T15:45:51.508087+00:00,"[""Yes"", ""No""]","[0.012, 0.988]",156606.913059,9942.14587,polymarket,https://polymarket.com/event/how-many-spacex-launches-in-2025
How many SpaceX launches in 2025?,16102,This is a market on predicting the total number of SpaceX launches scheduled for the year 2025.,2024-12-30T15:45:51.508087+00:00,"[""Yes"", ""No""]","[0.004, 0.996]",43471.608834,6559.86498,polymarket,https://polymarket.com/event/how-many-spacex-launches-in-2025
How many SpaceX launches in 2025?,16102,This is a market on predicting the total number of SpaceX launches scheduled for the year 2025.,2024-12-30T15:45:51.508087+00:00,"[""Yes"", ""No""]","[0.949, 0.051]",29983.555202,3520.48146,polymarket,https://polymarket.com/event/how-many-spacex-launches-in-2025
How many SpaceX launches in 2025?,16102,This is a market on predicting the total number of SpaceX launches scheduled for the year 2025.,2024-12-30T15:45:51.508087+00:00,"[""Yes"", ""No""]","[0.032, 0.968]",65190.154698,3864.9838,polymarket,https://polymarket.com/event/how-many-spacex-launches-in-2025
Weed rescheduled in 2025?,16103,"This market will resolve to ""Yes"" if marijuana is rescheduled down from I to any other level (or is unscheduled completely) by the Drug Enforcement Agency of the United States (https://www.dea.gov/drug-information/drug-scheduling), by December 31, 2025, 11:59 PM ET. Otherwise, this market will resolve to ""No"".

The primary resolution source for this market will be official information from the US government, however a consensus of credible reporting will also be used.",2024-12-29T22:52:46.018999+00:00,"[""Yes"", ""No""]","[0.075, 0.925]",80253.926053,7778.03077,polymarket,https://polymarket.com/event/weed-rescheduled-in-2025
Ukraine joins NATO in 2025?,16104,"If Ukraine has officially joined NATO as a full member state at any point by December 31, 2025, 11:59 PM ET this market will resolve to “Yes”. Otherwise, this market will resolve to ""No.""

The primary settlement source for this market will be the official NATO website (https://www.nato.int/cps/en/natohq/nato_countries.htm), however other credible sources may be used.",2024-12-29T22:42:17.013826+00:00,"[""Yes"", ""No""]","[0.013, 0.987]",201020.132403,22139.83836,polymarket,https://polymarket.com/event/ukraine-joins-nato-in-2025
Khamenei out as Supreme Leader of Iran in 2025?,16105,"This market will resolve to ""Yes"" if Iran's Supreme leader, Ali Khamenei, is removed from power for any length of time between December 28, 2024, and December 31, 2025, 11:59 PM ET. Otherwise, this market will resolve to ""No"".

Khamenei will be considered to be removed from power if he resigns, is detained, or otherwise loses his position or is prevented from fulfilling his duties as Supreme Leader of Iran within this market's timeframe.

The primary resolution source for this market will be a consensus of credible reporting.",2024-12-29T22:40:14.246543+00:00,"[""Yes"", ""No""]","[0.033, 0.967]",9614138.167326,142251.25292,polymarket,https://polymarket.com/event/khamenei-out-as-supreme-leader-of-iran-in-2025
Nuclear weapon detonation in 2025?,16106,"This market will resolve to ""Yes"" if a nuclear weapon is detonated anywhere in the world between January 1  and December 31, 2025, 11:59 PM ET. Otherwise, this market will resolve to ""No"".

For the purpose of this market's resolution, any detonation of a nuclear weapon anywhere on the planet Earth or in space will be sufficient to trigger a ""Yes"" resolution. This includes offensive usages, nuclear tests, and accidental detonations.

Use/launch of a nuclear weapon that fails to detonate, a fake weapon that never detonates, or a dirty bomb that distributes radioactive material by means of a conventional explosion are not sufficient to trigger a ""Yes"" resolution of this market. Only a successful nuclear detonation will result in a ""Yes"" resolution.

This market may resolve to ""Yes"" as soon as a nuclear detonation is confirmed by a preponderance of credible reporting.

For the purpose of this market's resolution, determination as to whether a detonation was nuclear will be made by a preponderance of credible reporting.
",2024-12-29T22:40:14.244347+00:00,"[""Yes"", ""No""]","[0.0255, 0.9745]",2330191.943811,44522.42447,polymarket,https://polymarket.com/event/nuclear-weapon-detonation-in-2025
Russia x Ukraine ceasefire in 2025?,16108,"This market will resolve to ""Yes"" if there is an official ceasefire agreement, defined as a publicly announced and mutually agreed halt in military engagement, between Russia and Ukraine by December 31, 2025, 11:59 PM ET.

If the agreement is officially reached before the resolution date, this market will resolve to ""Yes,"" regardless of whether the ceasefire officially starts afterward.

Any form of informal agreement will not be considered an official ceasefire. Humanitarian pauses will not count toward the resolution of this market.

This market's resolution will be based on official announcements from both Russia and Ukraine; however, a wide consensus of credible media reporting stating an official ceasefire agreement between Russia and Ukraine has been reached will suffice.",2024-12-29T22:52:46.877592+00:00,"[""Yes"", ""No""]","[0.105, 0.895]",45737938.745768,843708.5384,polymarket,https://polymarket.com/event/russia-x-ukraine-ceasefire-in-2025
Putin out as President of Russia in 2025?,16109,"This market will resolve to ""Yes"" if Russia's president, Vladimir Putin, is removed from power for any length of time between December 28, 2024, and December 31, 2025, 11:59 PM ET. Otherwise, this market will resolve to ""No"".

President Vladimir Putin will be considered to be removed from power if he resigns, is detained, or otherwise loses his position or is prevented from fulfilling his duties as President of Russia within this market's timeframe.

The primary resolution source for this market will be a consensus of credible reporting.",2024-12-29T22:52:46.889523+00:00,"[""Yes"", ""No""]","[0.0145, 0.9855]",1747628.932845,39075.29763,polymarket,https://polymarket.com/event/putin-out-as-president-of-russia-in-2025
Netanyahu out by...?,16110,"This market will resolve to ""Yes"" if Benjamin Netanyahu announces that he will resign as Prime Minister of Israel, or otherwise steps down from/is removed from this position by December 31, 2025, 11:59 PM ET. Otherwise, this market will resolve to ""No"".

Note that an announcement of Benjamin Netanyahu's resignation or removal before the resolution date will suffice to resolve this market to ""Yes"" regardless of if/when he actually steps down.

The primary resolution source for this market will be official information from the government of the State of Israel, however a consensus of credible reporting will also be used.
",2024-12-29T22:52:46.300468+00:00,"[""Yes"", ""No""]","[0.019, 0.981]",800355.465369,21731.44812,polymarket,https://polymarket.com/event/netanyahu-out-in-2025
Netanyahu out by...?,16110,"This market will resolve to ""Yes"" if Benjamin Netanyahu announces that he will resign as Prime Minister of Israel, or otherwise steps down from/is removed from this position by December 31, 2025, 11:59 PM ET. Otherwise, this market will resolve to ""No"".

Note that an announcement of Benjamin Netanyahu's resignation or removal before the resolution date will suffice to resolve this market to ""Yes"" regardless of if/when he actually steps down.

The primary resolution source for this market will be official information from the government of the State of Israel, however a consensus of credible reporting will also be used.
",2024-12-29T22:52:46.300468+00:00,"[""Yes"", ""No""]","[0.0, 1.0]",18783.133849,0.0,polymarket,https://polymarket.com/event/netanyahu-out-in-2025
One Direction reunion in 2025?,16137,"This market will resolve to ""Yes"" if One Direction either performs together, releases new music as a group, or publicly announces they will do either of these things by December 31, 2025, 11:59 PM ET. Otherwise, this market will resolve to ""No"".

An announcement that One Direction will perform together or release new music as a group before the resolution date will suffice to resolve this market to ""Yes"" regardless of if/when they actually do so.

Qualifying performances include live events, televised appearances, online streaming, etc. Releases include any single, EP, or album credited to ""One Direction."" All living members of the group must be part of an event for it to qualify as a reunion.

The resolution source will be an announcement from One Direction or its official representatives, or a consensus of credible reporting.",2024-12-30T22:14:33.760997+00:00,"[""Yes"", ""No""]","[0.0075, 0.9925]",16387.051616,1489.46194,polymarket,https://polymarket.com/event/one-direction-reunion-in-2025
Britney Spears tour in 2025?,16138,"This market will resolve to ""Yes"" if Britney Spears announces a new tour between December 29, 2024, and December 31, 2025, 11:59 PM ET. Otherwise, this market will resolve to ""No"".

An announcement that Britney Spears will go on tour within the stated timeframe will suffice to resolve this market to ""Yes"" regardless of if/when she actually does so.

The resolution source will be an announcement from Britney Spears or her official representatives, or a consensus of credible reporting.",2024-12-30T22:14:32.716054+00:00,"[""Yes"", ""No""]","[0.045, 0.955]",4869.577085,1687.1991,polymarket,https://polymarket.com/event/britney-spears-tour-in-2025
Nara & Lucky divorce in 2025?,16139,"This market will resolve to ""Yes"" if Nara Smith and/or Lucky Blue Smith announce their intention to divorce between December 29, 2024 and December 31, 2025, 11:59 PM ET. Otherwise, this market will resolve to ""No"".

An announcement by December 31, 2025 of their intention to divorce will be sufficient for a ""Yes"" resolution, regardless of whether the divorce later actually occurs, or whether the actual divorce occurs outside of the timeframe of this market.

The resolution source will be statements from Nara Smith and/or Lucky Blue Smith, and their representatives, however a definitive consensus of credible media reporting may be considered.",2024-12-30T22:14:33.240046+00:00,"[""Yes"", ""No""]","[0.0395, 0.9605]",2172.122072,949.05921,polymarket,https://polymarket.com/event/nara-lucky-divorce-in-2025
Lana Del Rey divorce in 2025?,16146,"This market will resolve to ""Yes"" if Lana Del Rey and/or Jeremy Dufrene announce their intention to divorce between December 29, 2024 and December 31, 2025, 11:59 PM ET. Otherwise, this market will resolve to ""No"".

An announcement by December 31, 2025 of their intention to divorce will be sufficient for a ""Yes"" resolution, regardless of whether the divorce later actually occurs, or whether the actual divorce occurs outside of the timeframe of this market.

The resolution source will be statements from Lana Del Rey and/or Jeremy Dufrene or their representatives, however a definitive consensus of credible media reporting may be considered.",2024-12-31T16:27:46.484128+00:00,"[""Yes"", ""No""]","[0.0345, 0.9655]",14758.769849,6165.98753,polymarket,https://polymarket.com/event/lana-del-rey-divorce-in-2025
Hailey Bieber pregnant in 2025?,16148,"This market will resolve to ""Yes"" if Hailey Bieber announces that she is pregnant between January 1, 2025, and December 31, 2025, 11:59 PM ET. Otherwise, this market will resolve to ""No"".

The resolution source will be statements from Hailey Bieber or her representatives, however a definitive consensus of credible media reporting may be considered.",2024-12-31T16:27:47.288065+00:00,"[""Yes"", ""No""]","[0.16, 0.84]",3907.94737,163.781,polymarket,https://polymarket.com/event/hailey-bieber-pregnant-in-2025
New pandemic in 2025?,16151,"This market will resolve to ""Yes"" if the World Health Organization (WHO) declares any disease a pandemic between January 1, 2025 and December 31, 2025 11:59 PM ET. Otherwise, this market will resolve to ""No"".

The resolution source will be official announcements from the World Health Organization.",2024-12-31T16:29:42.245908+00:00,"[""Yes"", ""No""]","[0.0135, 0.9865]",228313.315892,29289.99528,polymarket,https://polymarket.com/event/new-pandemic-in-2025
Will the US confirm that aliens exist in 2025?,16166,"This market will resolve to ""Yes"" if the President of the United States, any member of the Cabinet of the United States, any member of the Joint Chiefs of Staff, or any US federal agency definitively states that extraterrestrial life or technology exists by December 31, 2025, 11:59 PM ET. Otherwise, this market will resolve to ""No"".

The primary resolution source for this market will be official information from the government of the United States, however a consensus of credible reporting will also be used.",2024-12-31T18:51:46.112989+00:00,"[""Yes"", ""No""]","[0.0105, 0.9895]",5869045.193374,155272.59642,polymarket,https://polymarket.com/event/will-the-us-confirm-that-aliens-exist-in-2025
MicroStrategy sells any Bitcoin by ___ ?,16167,"This market will resolve to ""Yes"" if MicroStrategy sells any of its Bitcoin by December 31, 2025, 11:59 PM ET. Otherwise, this market will resolve to ""No"".

The primary resolution source for this market will be information from MSTR and on-chain data, however a consensus of credible reporting will also be used.",2024-12-31T18:51:45.506005+00:00,"[""Yes"", ""No""]","[0.045, 0.955]",1288923.760272,26032.80424,polymarket,https://polymarket.com/event/microstrategy-sell-any-bitcoin-in-2025
MicroStrategy sells any Bitcoin by ___ ?,16167,"This market will resolve to ""Yes"" if MicroStrategy sells any of its Bitcoin by December 31, 2025, 11:59 PM ET. Otherwise, this market will resolve to ""No"".

The primary resolution source for this market will be information from MSTR and on-chain data, however a consensus of credible reporting will also be used.",2024-12-31T18:51:45.506005+00:00,"[""Yes"", ""No""]","[0.115, 0.885]",11894.109802,10675.6029,polymarket,https://polymarket.com/event/microstrategy-sell-any-bitcoin-in-2025
MicroStrategy sells any Bitcoin by ___ ?,16167,"This market will resolve to ""Yes"" if MicroStrategy sells any of its Bitcoin by December 31, 2025, 11:59 PM ET. Otherwise, this market will resolve to ""No"".

The primary resolution source for this market will be information from MSTR and on-chain data, however a consensus of credible reporting will also be used.",2024-12-31T18:51:45.506005+00:00,"[""Yes"", ""No""]","[0.18, 0.82]",11987.812444,8275.669,polymarket,https://polymarket.com/event/microstrategy-sell-any-bitcoin-in-2025
What price will gold close at in 2025? ($2500-3200),16168,This is a market group over gold prices at the end of 2025.,2024-12-31T19:43:45.072370+00:00,"[""Yes"", ""No""]","[0.002, 0.998]",661426.625684,41299.67767,polymarket,https://polymarket.com/event/what-price-will-gold-close-at-in-2025
What price will gold close at in 2025? ($2500-3200),16168,This is a market group over gold prices at the end of 2025.,2024-12-31T19:43:45.072370+00:00,"[""Yes"", ""No""]","[0.0015, 0.9985]",758756.532896,94003.8025,polymarket,https://polymarket.com/event/what-price-will-gold-close-at-in-2025
What price will gold close at in 2025? ($2500-3200),16168,This is a market group over gold prices at the end of 2025.,2024-12-31T19:43:45.072370+00:00,"[""Yes"", ""No""]","[0.0015, 0.9985]",546768.076691,82470.95782,polymarket,https://polymarket.com/event/what-price-will-gold-close-at-in-2025
What price will gold close at in 2025? ($2500-3200),16168,This is a market group over gold prices at the end of 2025.,2024-12-31T19:43:45.072370+00:00,"[""Yes"", ""No""]","[0.0015, 0.9985]",423377.757302,99542.89181,polymarket,https://polymarket.com/event/what-price-will-gold-close-at-in-2025
What price will gold close at in 2025? ($2500-3200),16168,This is a market group over gold prices at the end of 2025.,2024-12-31T19:43:45.072370+00:00,"[""Yes"", ""No""]","[0.0015, 0.9985]",288158.950379,86864.63519,polymarket,https://polymarket.com/event/what-price-will-gold-close-at-in-2025
What price will gold close at in 2025? ($2500-3200),16168,This is a market group over gold prices at the end of 2025.,2024-12-31T19:43:45.072370+00:00,"[""Yes"", ""No""]","[0.0025, 0.9975]",907227.985705,105340.87053,polymarket,https://polymarket.com/event/what-price-will-gold-close-at-in-2025
What price will gold close at in 2025? ($2500-3200),16168,This is a market group over gold prices at the end of 2025.,2024-12-31T19:43:45.072370+00:00,"[""Yes"", ""No""]","[0.005, 0.995]",961793.308195,90404.10151,polymarket,https://polymarket.com/event/what-price-will-gold-close-at-in-2025
What price will gold close at in 2025? ($2500-3200),16168,This is a market group over gold prices at the end of 2025.,2024-12-31T19:43:45.072370+00:00,"[""Yes"", ""No""]","[0.0025, 0.9975]",982179.31641,88729.88426,polymarket,https://polymarket.com/event/what-price-will-gold-close-at-in-2025
What price will gold close at in 2025? ($2500-3200),16168,This is a market group over gold prices at the end of 2025.,2024-12-31T19:43:45.072370+00:00,"[""Yes"", ""No""]","[0.9855, 0.0145]",607953.817302,98684.43299,polymarket,https://polymarket.com/event/what-price-will-gold-close-at-in-2025
US national Bitcoin reserve in 2025?,16170,"This market will resolve to ""Yes"" if the US government holds any amount of Bitcoin in its reserves at any point between January 1, 2025, ET and December 31, 2025, 11:59 PM ET. Otherwise, this market will resolve to ""No"".

Note that the US government confiscating Bitcoin does not count as holding Bitcoin reserves.

The primary resolution source for this market will be official information from the US government and/or the US federal reserve, however a consensus of credible reporting will also be used.",2024-12-31T16:57:44.446986+00:00,"[""Yes"", ""No""]","[0.03, 0.97]",4993661.262546,42445.18585,polymarket,https://polymarket.com/event/us-national-bitcoin-reserve-in-2025
Will 2025 be the hottest year on record?,16171,"This market will resolve to ""Yes"" if the data for the Global Land-Ocean Temperature Index for 2025 shows an increase greater than that of any previously recorded year when it is released. Otherwise, this market will resolve to ""No"".

An anomaly greater than that of any previously recorded year for 2025 is necessary and sufficient to resolve this market to ""Yes"" immediately once the data becomes available, regardless of whether the figure for 2024 and/or 2025 is later revised.

The primary resolution source for this market will be the figure found in the table titled ""Land-Ocean Temperature Index (C)"" under the column ""No_Smoothing"" in the row ""2025"" (https://data.giss.nasa.gov/gistemp/graphs/graph_data/Global_Mean_Estimates_based_on_Land_and_Ocean_Data/graph.txt). If NASA's ""Global Temperature Index"" is rendered permanently unavailable, other information from NASA may be used. If no information for 2025 is provided by NASA by March 1, 2026, 11:59 PM ET, this market will resolve based on a consensus of credible reporting.",2024-12-31T18:53:44.678942+00:00,"[""Yes"", ""No""]","[0.0115, 0.9885]",1895336.348415,43348.29792,polymarket,https://polymarket.com/event/will-2025-be-the-hottest-year-on-record
Will Kim Jong Un visit US in 2025?,16172,"If Supreme Leader of North Korea Kim Jong Un visits the United States between January 1 and December 31, 2025, 11:59 PM ET, this market will resolve to ""Yes"". Otherwise, this market will resolve to ""No"".

For the purpose of this market, a ""visit"" is defined as Kim Jong Un physically entering the terrestrial or maritime territory of the United States. Whether or not Kim Jong Un enters US airspace during the timeframe of this market will have no bearing on a positive resolution.

The primary resolution source for this information will be official information from the US or North Korea, however a consensus of credible reporting will also be used.",2024-12-31T18:53:44.032921+00:00,"[""Yes"", ""No""]","[0.0165, 0.9835]",757776.150752,7119.44663,polymarket,https://polymarket.com/event/will-kim-jong-un-visit-us-in-2025
Harry & Meghan divorce in 2025?,16173,"This market will resolve to ""Yes"" if Prince Harry, Duke of Sussex and/or Meghan, Duchess of Sussex announce their intention to divorce between December 30, 2024 and December 31, 2025, 11:59 PM ET. Otherwise, this market will resolve to ""No"".

An announcement by December 31, 2025 of their intention to divorce will be sufficient for a ""Yes"" resolution, regardless of whether the divorce later actually occurs, or whether the actual divorce occurs outside of the timeframe of this market.

The resolution source will be statements from Harry and/or Meghan, and their representatives, however a definitive consensus of credible media reporting may be considered.",2024-12-31T18:55:43.932988+00:00,"[""Yes"", ""No""]","[0.04, 0.96]",110191.764224,8750.00762,polymarket,https://polymarket.com/event/harry-meghan-divorce-in-2025
Trump divorce in 2025?,16174,"This market will resolve to ""Yes"" if Donald Trump and/or Melania Trump announce their intention to divorce between December 31, 2024 and December 31, 2025, 11:59 PM ET. Otherwise, this market will resolve to ""No"".

An announcement by December 31, 2025 of their intention to divorce will be sufficient for a ""Yes"" resolution, regardless of whether the divorce later actually occurs, or whether the actual divorce occurs outside of the timeframe of this market.

The resolution source will be statements from Donald Trump and/or Melania Trump , and their representatives, however a definitive consensus of credible media reporting may be considered.",2024-12-31T18:55:44.749704+00:00,"[""Yes"", ""No""]","[0.0125, 0.9875]",67021.922771,17066.73486,polymarket,https://polymarket.com/event/trump-divorce-in-2025
Bird flu vaccine in 2025?,16175,"This market will resolve to ""Yes"" if any vaccine intended for humans and inoculating against H5N1 receives full FDA approval between January 1, and December 31, 2025, 11:59 PM ET. Otherwise, this market will resolve to ""No"".

The primary resolution source for this market will be information from the FDA, including their official list of approved vaccines (https://www.fda.gov/vaccines-blood-biologics/vaccines/vaccines-licensed-use-united-states).",2024-12-31T17:57:44.235572+00:00,"[""Yes"", ""No""]","[0.0155, 0.9845]",244682.710427,17006.89398,polymarket,https://polymarket.com/event/bird-flu-vaccine-in-2025
Jay-Z & Beyoncé divorce in 2025?,16176,"This market will resolve to ""Yes"" if Beyoncé and/or Jay-Z announce their intention to divorce between January 1 and December 31, 2025, 11:59 PM ET. Otherwise, this market will resolve to ""No"".

An announcement by December 31 of their intention to divorce will be sufficient for a ""Yes"" resolution, regardless of whether the divorce later actually occurs, or whether the actual divorce occurs outside of the timeframe of this market.

The resolution source will be statements from Beyoncé and/or Jay-Z, and their representatives, however a definitive consensus of credible media reporting may be considered.",2024-12-31T18:55:43.929201+00:00,"[""Yes"", ""No""]","[0.0235, 0.9765]",49650.303204,5366.55928,polymarket,https://polymarket.com/event/jay-z-beyonc-divorce-in-2025
Maduro out by...?,16180,"This market will resolve to ""Yes"" if Venezuela's president, Nicolás Maduro, is removed from power for any length of time between January 1, and December 31, 2025, 11:59 PM ET. Otherwise, this market will resolve to ""No"".

President Nicolás Maduro will be considered to be removed from power if he resigns, is detained, or otherwise loses his position or is prevented from fulfilling his duties as President of Venezuela within this market's timeframe.

The primary resolution source for this market will be a consensus of credible reporting.",2024-12-31T18:57:43.995563+00:00,"[""Yes"", ""No""]","[0.165, 0.835]",12469278.928747,533369.8193,polymarket,https://polymarket.com/event/maduro-out-in-2025
Maduro out by...?,16180,"This market will resolve to ""Yes"" if Venezuela's president, Nicolás Maduro, is removed from power for any length of time between January 1, and December 31, 2025, 11:59 PM ET. Otherwise, this market will resolve to ""No"".

President Nicolás Maduro will be considered to be removed from power if he resigns, is detained, or otherwise loses his position or is prevented from fulfilling his duties as President of Venezuela within this market's timeframe.

The primary resolution source for this market will be a consensus of credible reporting.",2024-12-31T18:57:43.995563+00:00,"[""Yes"", ""No""]","[0.0025, 0.9975]",5261270.842123,207827.08024,polymarket,https://polymarket.com/event/maduro-out-in-2025
Maduro out by...?,16180,"This market will resolve to ""Yes"" if Venezuela's president, Nicolás Maduro, is removed from power for any length of time between January 1, and December 31, 2025, 11:59 PM ET. Otherwise, this market will resolve to ""No"".

President Nicolás Maduro will be considered to be removed from power if he resigns, is detained, or otherwise loses his position or is prevented from fulfilling his duties as President of Venezuela within this market's timeframe.

The primary resolution source for this market will be a consensus of credible reporting.",2024-12-31T18:57:43.995563+00:00,"[""Yes"", ""No""]","[0.42, 0.58]",710435.969149,28334.9905,polymarket,https://polymarket.com/event/maduro-out-in-2025
Israel withdraws from Gaza in 2025?,16181,"This market will resolve to ""Yes"" if Israel announces it has ceased all ground operations within and has withdrawn all ground forces from Gaza between January 1 and December 31, 2025, 11:59 PM ET. Otherwise, this market will resolve to ""No"".

For this market to resolve to ""Yes"" it is sufficient that Israel announces its ground forces have withdrawn into or behind intended buffer zones, even if that zone is established on internationally recognized Palestinian territory.

The primary resolution source for this market will be information from the Israeli government, however a consensus of credible reporting will also be used.",2024-12-31T18:57:44.871672+00:00,"[""Yes"", ""No""]","[0.025, 0.975]",2103435.694875,37151.28093,polymarket,https://polymarket.com/event/israel-withdraws-from-gaza-in-2025
Kraken IPO by ___ ?,16183,"This market will resolve to ""Yes"" if Kraken (US-based cryptocurrency exchange) completes an Initial Public Offering (IPO) by December 31, 2025, 11:59 PM ET, as confirmed by official company announcements or credible news sources. The IPO refers to the first sale of stock by Kraken to the public on any recognized stock exchange.

If Kraken merges with another entity, is acquired, or ceases to exist before the market resolves, the market will also resolve to ""No"".

This market will resolve early if Kraken completes an IPO by December 31, 2025, 11:59 PM ET.

The resolution source for this market is a consensus of credible reporting.",2024-12-31T19:05:45.901363+00:00,"[""Yes"", ""No""]","[0.0265, 0.9735]",367177.719731,27152.88176,polymarket,https://polymarket.com/event/kraken-ipo-in-2025
Kraken IPO by ___ ?,16183,"This market will resolve to ""Yes"" if Kraken (US-based cryptocurrency exchange) completes an Initial Public Offering (IPO) by December 31, 2025, 11:59 PM ET, as confirmed by official company announcements or credible news sources. The IPO refers to the first sale of stock by Kraken to the public on any recognized stock exchange.

If Kraken merges with another entity, is acquired, or ceases to exist before the market resolves, the market will also resolve to ""No"".

This market will resolve early if Kraken completes an IPO by December 31, 2025, 11:59 PM ET.

The resolution source for this market is a consensus of credible reporting.",2024-12-31T19:05:45.901363+00:00,"[""Yes"", ""No""]","[0.375, 0.625]",16609.744116,1446.7072,polymarket,https://polymarket.com/event/kraken-ipo-in-2025
Kraken IPO by ___ ?,16183,"This market will resolve to ""Yes"" if Kraken (US-based cryptocurrency exchange) completes an Initial Public Offering (IPO) by December 31, 2025, 11:59 PM ET, as confirmed by official company announcements or credible news sources. The IPO refers to the first sale of stock by Kraken to the public on any recognized stock exchange.

If Kraken merges with another entity, is acquired, or ceases to exist before the market resolves, the market will also resolve to ""No"".

This market will resolve early if Kraken completes an IPO by December 31, 2025, 11:59 PM ET.

The resolution source for this market is a consensus of credible reporting.",2024-12-31T19:05:45.901363+00:00,"[""Yes"", ""No""]","[0.825, 0.175]",2345.561576,761.1834,polymarket,https://polymarket.com/event/kraken-ipo-in-2025
Supreme Court vacancy in 2025?,16186,"This market will resolve to ""Yes"" if at least one seat on the United States Supreme Court becomes vacant between January 1 and December 31, 2025, 11:59 PM ET. Otherwise, this market will resolve to ""No"".

The primary resolution source for this market will be official announcements from the U.S. Government. However, a consensus of credible reporting may also be used.  ",2024-12-31T19:45:44.234721+00:00,"[""Yes"", ""No""]","[0.045, 0.955]",32193.67341,8107.6328,polymarket,https://polymarket.com/event/supreme-court-vacancy-2025
NYSE marketwide circuit breaker in 2025?,16194,"This market will resolve to ""Yes"" if a marketwide circuit breaker is triggered on the New York Stock Exchange (NYSE) at any time between January 1 and market close on December 31, 2025. Otherwise, this market will resolve to “No”.

A marketwide circuit breaker is defined as a trading halt that is initiated due to significant declines in the S&P 500 Index, specifically a Level 1, Level 2, or Level 3 halt as per NYSE rules.

The primary resolution source for this market will be official information from the NYSE, however a consensus of credible reporting will also be used.",2025-01-01T16:35:37.740716+00:00,"[""Yes"", ""No""]","[0.0205, 0.9795]",819528.813954,33211.64298,polymarket,https://polymarket.com/event/nyse-marketwide-circuit-breaker-in-2025
How many SpaceX Starship launches reach space in 2025?,16205,This is a market on the number of SpaceX Starship launches that successfully reach space in the year 2025.,2025-01-01T16:19:36.507727+00:00,"[""Yes"", ""No""]","[0.0, 1.0]",50447.527626,0.0,polymarket,https://polymarket.com/event/how-many-spacex-starship-launches-reach-space-in-2025
How many SpaceX Starship launches reach space in 2025?,16205,This is a market on the number of SpaceX Starship launches that successfully reach space in the year 2025.,2025-01-01T16:19:36.507727+00:00,"[""Yes"", ""No""]","[0.9835, 0.0165]",88232.526267,5996.55129,polymarket,https://polymarket.com/event/how-many-spacex-starship-launches-reach-space-in-2025
How many SpaceX Starship launches reach space in 2025?,16205,This is a market on the number of SpaceX Starship launches that successfully reach space in the year 2025.,2025-01-01T16:19:36.507727+00:00,"[""Yes"", ""No""]","[0.0045, 0.9955]",185605.430239,6011.28033,polymarket,https://polymarket.com/event/how-many-spacex-starship-launches-reach-space-in-2025
How many SpaceX Starship launches reach space in 2025?,16205,This is a market on the number of SpaceX Starship launches that successfully reach space in the year 2025.,2025-01-01T16:19:36.507727+00:00,"[""Yes"", ""No""]","[0.003, 0.997]",53416.119921,6222.5998,polymarket,https://polymarket.com/event/how-many-spacex-starship-launches-reach-space-in-2025
How many SpaceX Starship launches reach space in 2025?,16205,This is a market on the number of SpaceX Starship launches that successfully reach space in the year 2025.,2025-01-01T16:19:36.507727+00:00,"[""Yes"", ""No""]","[0.0015, 0.9985]",40282.090575,9331.78234,polymarket,https://polymarket.com/event/how-many-spacex-starship-launches-reach-space-in-2025
How many SpaceX Starship launches reach space in 2025?,16205,This is a market on the number of SpaceX Starship launches that successfully reach space in the year 2025.,2025-01-01T16:19:36.507727+00:00,"[""Yes"", ""No""]","[0.0005, 0.9995]",26358.598404,7633.9169,polymarket,https://polymarket.com/event/how-many-spacex-starship-launches-reach-space-in-2025
How many SpaceX Starship launches reach space in 2025?,16205,This is a market on the number of SpaceX Starship launches that successfully reach space in the year 2025.,2025-01-01T16:19:36.507727+00:00,"[""Yes"", ""No""]","[0.0005, 0.9995]",24903.481415,10096.52447,polymarket,https://polymarket.com/event/how-many-spacex-starship-launches-reach-space-in-2025
How many SpaceX Starship launches reach space in 2025?,16205,This is a market on the number of SpaceX Starship launches that successfully reach space in the year 2025.,2025-01-01T16:19:36.507727+00:00,"[""Yes"", ""No""]","[0.0005, 0.9995]",27007.489765,12385.82843,polymarket,https://polymarket.com/event/how-many-spacex-starship-launches-reach-space-in-2025
How many SpaceX Starship launches reach space in 2025?,16205,This is a market on the number of SpaceX Starship launches that successfully reach space in the year 2025.,2025-01-01T16:19:36.507727+00:00,"[""Yes"", ""No""]","[0.0005, 0.9995]",30731.75769,10074.21975,polymarket,https://polymarket.com/event/how-many-spacex-starship-launches-reach-space-in-2025
Assad leaves Russia before 2026?,16215,"This market will resolve to ""Yes"" if it is confirmed that Bashar al-Assad has left Russia for any length of time between January 2, 2025, and December 31, 2025, 11:59 PM ET. Otherwise, this market will resolve to ""No"".

In cases where Assad may have exited Russian airspace on a plane, he must be confirmed to have exited the plane in a country other than Russia for this market to resolve to ""Yes"".

If Assad exits Russia maritime territory on a boat to international waters, this market may resolve to ""Yes"".

If it is not confirmed by the resolution date that Assad left Russia, this market will resolve to ""No"".

The resolution source for this market will be a consensus of credible reporting.",2025-01-02T16:33:09.035690+00:00,"[""Yes"", ""No""]","[0.0285, 0.9715]",58585.836566,1124.13564,polymarket,https://polymarket.com/event/assad-leaves-russia-before-2026
AI wins IMO gold medal in 2025?,16228,"This market will resolve to ""Yes"" if any AI gets a gold medal in the International Math Olympiad by December 31, 2025, 11:59 PM ET. Otherwise this market will resolve to ""No.""

The resolution source is the IMO Grand Challenge (https://imo-grand-challenge.github.io/) and the Artificial Intelligence Math Olympiad (AIMO, https://aimoprize.com/). If either source demonstrates that an AI has won the challenge/prize before the resolution date, this market will resolve to ""Yes"".",2025-01-02T20:47:07.050981+00:00,"[""Yes"", ""No""]","[0.0365, 0.9635]",939971.899698,12173.83727,polymarket,https://polymarket.com/event/ai-wins-math-olympiad-in-2025
Cardano ETF in 2025?,16248,"This market will resolve to ""Yes"" if any spot Cardano (ADA) ETF receives approval from the SEC by December 31, 2025, 11:59 PM ET. Otherwise, this market will resolve to ""No"".

Approval under Rule 19-4b will qualify for a ""Yes"" resolution, even if there has not been an S-1 approval. Similarly, an S-1 approval without a 19-4b approval will also qualify for a ""Yes"" resolution.

The primary resolution source for this market will be information from the SEC, however a consensus of credible reporting may also be used.",2025-01-03T17:07:10.670135+00:00,"[""Yes"", ""No""]","[0.2, 0.8]",543153.016416,5052.621,polymarket,https://polymarket.com/event/cardano-etf-in-2025
Pepe ETF in 2025?,16249,"This market will resolve to ""Yes"" if any spot Pepe (https://etherscan.io/token/0x6982508145454ce325ddbe47a25d4ec3d2311933) ETF receives approval from the SEC by December 31, 2025, 11:59 PM ET. Otherwise, this market will resolve to ""No"".

Approval under Rule 19-4b will qualify for a ""Yes"" resolution, even if there has not been an S-1 approval. Similarly, an S-1 approval without a 19-4b approval will also qualify for a ""Yes"" resolution.

The primary resolution source for this market will be information from the SEC, however a consensus of credible reporting may also be used.",2025-01-03T17:07:10.639235+00:00,"[""Yes"", ""No""]","[0.0175, 0.9825]",257190.004956,21138.41389,polymarket,https://polymarket.com/event/pepe-etf-in-2025
Macron out by...?,16263,"This market will resolve to ""Yes"" if Emmanuel Macron ceases to be President of France for any length of time between January 2 and December 31, 2025, 11:59 PM ET (inclusive). Otherwise, this market will resolve to ""No"".

If Macron departs from office before the expiry date, the market should resolve immediately.

The primary resolution source for this market will be information from the government of France, however a consensus of credible reporting will also be used.",2025-01-03T19:35:04.095066+00:00,"[""Yes"", ""No""]","[0.0185, 0.9815]",1185239.022843,18074.34835,polymarket,https://polymarket.com/event/macron-out-in-2025
Macron out by...?,16263,"This market will resolve to ""Yes"" if Emmanuel Macron ceases to be President of France for any length of time between January 2 and December 31, 2025, 11:59 PM ET (inclusive). Otherwise, this market will resolve to ""No"".

If Macron departs from office before the expiry date, the market should resolve immediately.

The primary resolution source for this market will be information from the government of France, however a consensus of credible reporting will also be used.",2025-01-03T19:35:04.095066+00:00,"[""Yes"", ""No""]","[0.11, 0.89]",74766.633974,14355.3565,polymarket,https://polymarket.com/event/macron-out-in-2025
Macron out by...?,16263,"This market will resolve to ""Yes"" if Emmanuel Macron ceases to be President of France for any length of time between January 2 and December 31, 2025, 11:59 PM ET (inclusive). Otherwise, this market will resolve to ""No"".

If Macron departs from office before the expiry date, the market should resolve immediately.

The primary resolution source for this market will be information from the government of France, however a consensus of credible reporting will also be used.",2025-01-03T19:35:04.095066+00:00,"[""Yes"", ""No""]","[0.0, 1.0]",205624.507422,0.0,polymarket,https://polymarket.com/event/macron-out-in-2025
How many people will Trump deport in 2025?,16282,This is a market on the prediction of the number of people Trump will deport in 2025.,2025-01-05T19:47:34.719608+00:00,"[""Yes"", ""No""]","[0.036, 0.964]",872760.971931,5387.05543,polymarket,https://polymarket.com/event/how-many-people-will-trump-deport-in-2025
How many people will Trump deport in 2025?,16282,This is a market on the prediction of the number of people Trump will deport in 2025.,2025-01-05T19:47:34.719608+00:00,"[""Yes"", ""No""]","[0.83, 0.17]",938568.168409,3545.5464,polymarket,https://polymarket.com/event/how-many-people-will-trump-deport-in-2025
How many people will Trump deport in 2025?,16282,This is a market on the prediction of the number of people Trump will deport in 2025.,2025-01-05T19:47:34.719608+00:00,"[""Yes"", ""No""]","[0.115, 0.885]",347662.302125,3987.16514,polymarket,https://polymarket.com/event/how-many-people-will-trump-deport-in-2025
How many people will Trump deport in 2025?,16282,This is a market on the prediction of the number of people Trump will deport in 2025.,2025-01-05T19:47:34.719608+00:00,"[""Yes"", ""No""]","[0.011, 0.989]",324271.213541,7026.30729,polymarket,https://polymarket.com/event/how-many-people-will-trump-deport-in-2025
How many people will Trump deport in 2025?,16282,This is a market on the prediction of the number of people Trump will deport in 2025.,2025-01-05T19:47:34.719608+00:00,"[""Yes"", ""No""]","[0.003, 0.997]",323456.409864,8636.22074,polymarket,https://polymarket.com/event/how-many-people-will-trump-deport-in-2025
How many people will Trump deport in 2025?,16282,This is a market on the prediction of the number of people Trump will deport in 2025.,2025-01-05T19:47:34.719608+00:00,"[""Yes"", ""No""]","[0.004, 0.996]",237629.516446,11792.94066,polymarket,https://polymarket.com/event/how-many-people-will-trump-deport-in-2025
How many people will Trump deport in 2025?,16282,This is a market on the prediction of the number of people Trump will deport in 2025.,2025-01-05T19:47:34.719608+00:00,"[""Yes"", ""No""]","[0.0075, 0.9925]",275061.035369,7321.77339,polymarket,https://polymarket.com/event/how-many-people-will-trump-deport-in-2025
How many people will Trump deport in 2025?,16282,This is a market on the prediction of the number of people Trump will deport in 2025.,2025-01-05T19:47:34.719608+00:00,"[""Yes"", ""No""]","[0.0055, 0.9945]",271702.283977,7158.05726,polymarket,https://polymarket.com/event/how-many-people-will-trump-deport-in-2025
How many people will Trump deport in 2025?,16282,This is a market on the prediction of the number of people Trump will deport in 2025.,2025-01-05T19:47:34.719608+00:00,"[""Yes"", ""No""]","[0.017, 0.983]",254311.022687,5724.52931,polymarket,https://polymarket.com/event/how-many-people-will-trump-deport-in-2025
"Will Trump deport 750,000 or more people in 2025?",16284,"During the 2024 FY ICE removed 271,484 non citizens (see: https://www.ice.gov/doclib/eoy/iceAnnualReportFY2024.pdf).

This market will resolve to ""Yes"" if U.S. Immigration and Customs Enforcement (ICE) removes 750,000 or more non citizens in the 2025 fiscal year. Otherwise, this market ill resolve to ""No"".

The resolution source will be the FY 2025 ICE Annual Report. If the FY 2025 ICE Annual Report is not published by February 28, 2026, 11:59 PM ET, another credible resolution source will be used. ",2025-01-05T18:49:45.184317+00:00,"[""Yes"", ""No""]","[0.038, 0.962]",352436.762991,7316.26414,polymarket,https://polymarket.com/event/will-trump-deport-750000-or-more-people-in-2025
Magnificent 7 shrinks below 25% of S&P 500 in 2025?,16388,"This market will resolve to ""Yes"" if the combined weight of the Magnificent Seven stocks (Apple, Microsoft, Amazon, Google (Alphabet Class A and C), Meta, Tesla, and Nvidia) in the S&P 500 index, calculated using the official S&P 500 index weighting formula, falls below 25% on any trading day (using market close prices) by the last day of trading in 2025. Otherwise, this market will resolve to ""No.""

The resolution source for this market will be daily closes prices applied to the weighting formula for the S&P 500. ",2025-01-06T22:57:37.391387+00:00,"[""Yes"", ""No""]","[0.023, 0.977]",227038.534609,10309.53542,polymarket,https://polymarket.com/event/magnificent-7-less-than-25-of-sp-500-in-2025
